property_type,sector,price,bedRoom,bathroom,balcony,agePossession,built_up_area,servant room,store room,furnishing_type,luxury_category,floor_category,city,source_listing_id,source_url
plot,Indore Nagpur Highway,50.0,0.0,0.0,0,Unknown,392040.0,0.0,0.0,Unknown,Unknown,Low Floor,indore,Z93747902,https://www.99acres.com/residential-land-plot-for-sale-in-indore-43560-sqyd-spid-Z93747902
plot,Super Corridor,0.296,0.0,0.0,0,Unknown,800.0,0.0,0.0,Unknown,Unknown,Low Floor,indore,Z93538110,https://www.99acres.com/residential-land-plot-for-sale-in-super-corridor-indore-89-sqyd-spid-Z93538110
flat,"Sector 82A, Gurgaon",2.72,3.0,0.0,0,Unknown,1799.0,0.0,0.0,Unknown,Unknown,Low Floor,gurgaon,Z92247564,https://www.99acres.com/3-bhk-bedroom-apartment-flat-for-sale-in-dlf-the-primus-sector-82a-gurgaon-1799-sqft-spid-Z92247564
plot,Super Corridor,0.402,0.0,0.0,0,Unknown,1200.0,0.0,0.0,Unknown,Unknown,Low Floor,indore,Y93556370,https://www.99acres.com/residential-land-plot-for-sale-in-super-corridor-indore-133-sqyd-spid-Y93556370
plot,Super Corridor,0.28,0.0,0.0,0,Unknown,800.0,0.0,0.0,Unknown,Unknown,Low Floor,indore,X93539684,https://www.99acres.com/residential-land-plot-for-sale-in-super-corridor-indore-89-sqyd-spid-X93539684
flat,Sanghi Colony,3.74,4.0,0.0,0,Unknown,3250.0,0.0,0.0,Unknown,Unknown,Low Floor,indore,X93461240,https://www.99acres.com/4-bhk-bedroom-apartment-flat-for-sale-in-sanghi-colony-indore-3250-sqft-spid-X93461240
plot,Mayakhedi,1.26,0.0,0.0,0,Unknown,1938.0,0.0,0.0,Unknown,Unknown,Low Floor,indore,X91089266,https://www.99acres.com/residential-land-plot-for-sale-in-omaxe-city-1-mayakhedi-indore-215-sqyd-spid-X91089266
flat,"Sector 63A, Gurgaon",3.35,3.0,0.0,0,Unknown,2844.0,0.0,0.0,Unknown,Unknown,Low Floor,gurgaon,V93546924,https://www.99acres.com/3-bhk-bedroom-independent-builder-floor-for-sale-in-birla-navya-sector-63a-gurgaon-2844-sqft-spid-V93546924
plot,Nipania,1.17,0.0,0.0,0,Unknown,1000.0,0.0,0.0,Unknown,Unknown,Low Floor,indore,V91903588,https://www.99acres.com/residential-land-plot-for-sale-in-nipania-indore-111-sqyd-r1-spid-V91903588
flat,Talawali Chanda,0.3,2.0,0.0,0,Unknown,1020.0,0.0,0.0,Unknown,Unknown,Low Floor,indore,U93376986,https://www.99acres.com/2-bhk-bedroom-apartment-flat-for-sale-in-sarthak-singapore-nest-talawali-chanda-indore-1020-sqft-spid-U93376986
house,Rau,6.0,4.0,0.0,0,Unknown,10000.0,0.0,0.0,Unknown,Unknown,Low Floor,indore,U89546138,https://www.99acres.com/4-bhk-bedroom-independent-house-villa-for-sale-in-rau-indore-6000-sqft-r1-spid-U89546138
flat,Kanchan Baug,2.7,4.0,0.0,0,Unknown,2500.0,0.0,0.0,Unknown,Unknown,Low Floor,indore,T93573154,https://www.99acres.com/4-bhk-bedroom-apartment-flat-for-sale-in-kanchan-baug-indore-2500-sqft-spid-T93573154
flat,Rau,0.42,3.0,0.0,0,Unknown,1260.0,0.0,0.0,Unknown,Unknown,Low Floor,indore,S91903100,https://www.99acres.com/3-bhk-bedroom-apartment-flat-for-sale-in-sarthak-galaxy-rau-indore-1260-sqft-spid-S91903100
plot,Magarkheda,0.336,0.0,0.0,0,Unknown,800.0,0.0,0.0,Unknown,Unknown,Low Floor,indore,R92666394,https://www.99acres.com/residential-land-plot-for-sale-in-magarkheda-indore-89-sqyd-spid-R92666394
house,Iris Park,0.68,2.0,0.0,0,Unknown,1194.0,0.0,0.0,Unknown,Unknown,Low Floor,indore,Q93826316,https://www.99acres.com/2-bhk-bedroom-apartment-flat-for-sale-in-iris-park-indore-1194-sqft-spid-Q93826316
plot,AB Road indore,4.1,0.0,0.0,0,Unknown,1500.0,0.0,0.0,Unknown,Unknown,Low Floor,indore,Q93425430,https://www.99acres.com/residential-land-plot-for-sale-in-ab-road-indore-167-sqyd-spid-Q93425430
plot,Super Corridor,0.2975,0.0,0.0,0,Unknown,850.0,0.0,0.0,Unknown,Unknown,Low Floor,indore,P93539728,https://www.99acres.com/residential-land-plot-for-sale-in-super-corridor-indore-94-sqyd-spid-P93539728
flat,Bicholi Mardana,5.79,5.0,0.0,0,Unknown,5805.0,0.0,0.0,Unknown,Unknown,Low Floor,indore,N94466200,https://www.99acres.com/5-bhk-bedroom-apartment-flat-for-sale-in-m-chugh-grande-exotica-bicholi-mardana-indore-5805-sqft-spid-N94466200
flat,Bicholi Mardana,2.56,4.0,0.0,0,Unknown,4207.0,0.0,0.0,Unknown,Unknown,Low Floor,indore,N90936200,https://www.99acres.com/4-bhk-bedroom-apartment-flat-for-sale-in-bicholi-mardana-indore-4207-sqft-r2-spid-N90936200
flat,Super Corridor,0.5996,2.0,0.0,0,Unknown,1153.0,0.0,0.0,Unknown,Unknown,Low Floor,indore,N89457850,https://www.99acres.com/2-bhk-bedroom-apartment-flat-for-sale-in-super-corridor-indore-1153-sqft-r3-spid-N89457850
flat,New Palasia,1.2,3.0,0.0,0,Unknown,1902.0,0.0,0.0,Unknown,Unknown,Low Floor,indore,M94041856,https://www.99acres.com/3-bhk-bedroom-apartment-flat-for-sale-in-manglam-residency-new-palasia-indore-1902-sqft-spid-M94041856
flat,Ring Road,0.4,2.0,0.0,0,Unknown,850.0,0.0,0.0,Unknown,Unknown,Low Floor,indore,M93895380,https://www.99acres.com/2-bhk-bedroom-apartment-flat-for-sale-in-shubh-labh-twins-ring-road-indore-850-sqft-spid-M93895380
flat,"Suncity, Gurgaon",5.1,3.0,0.0,0,Unknown,2250.0,0.0,0.0,Unknown,Unknown,Low Floor,gurgaon,M88820156,https://www.99acres.com/3-bhk-bedroom-independent-builder-floor-for-sale-in-suncity-luxury-builder-floors-suncity-gurgaon-2250-sqft-spid-M88820156
plot,Khandwa Road,0.285,0.0,0.0,0,Unknown,1000.0,0.0,0.0,Unknown,Unknown,Low Floor,indore,L93325596,https://www.99acres.com/residential-land-plot-for-sale-in-ricon-city-khandwa-road-indore-111-sqyd-spid-L93325596
plot,Super Corridor,0.3145,0.0,0.0,0,Unknown,850.0,0.0,0.0,Unknown,Unknown,Low Floor,indore,K93538344,https://www.99acres.com/residential-land-plot-for-sale-in-super-corridor-indore-94-sqyd-spid-K93538344
plot,Jhalariya,32.0,0.0,0.0,0,Unknown,36200.0,0.0,0.0,Unknown,Unknown,Low Floor,indore,K89894872,https://www.99acres.com/residential-land-plot-for-sale-in-jhalariya-indore-4022-sqyd-spid-K89894872
plot,Super Corridor,0.62,0.0,0.0,0,Unknown,1500.0,0.0,0.0,Unknown,Unknown,Low Floor,indore,J93596612,https://www.99acres.com/residential-land-plot-for-sale-in-super-corridor-indore-167-sqyd-spid-J93596612
plot,Super Corridor,0.312,0.0,0.0,0,Unknown,800.0,0.0,0.0,Unknown,Unknown,Low Floor,indore,I93609556,https://www.99acres.com/residential-land-plot-for-sale-in-super-corridor-indore-89-sqyd-spid-I93609556
flat,Nipania,1.01,3.0,0.0,0,Unknown,1680.0,0.0,0.0,Unknown,Unknown,Low Floor,indore,I91993304,https://www.99acres.com/3-bhk-bedroom-apartment-flat-for-sale-in-ss-infinitus-nipania-indore-1680-sqftto-1996-sqft-npspid-I91993304
flat,South Tukoganj,0.8,3.0,0.0,0,Unknown,1301.0,0.0,0.0,Unknown,Unknown,Low Floor,indore,I87535716,https://www.99acres.com/3-bhk-bedroom-apartment-flat-for-sale-in-south-tukoganj-indore-1301-sqft-r1-spid-I87535716
house,Shiv Shakti Nagar,2.25,2.0,0.0,0,Unknown,1500.0,0.0,0.0,Unknown,Unknown,Low Floor,indore,I82990034,https://www.99acres.com/2-bhk-bedroom-independent-house-villa-for-sale-in-shiv-shakti-nagar-indore-1500-sqft-r1-spid-I82990034
plot,Gram Baroli,0.68,0.0,0.0,0,Unknown,1560.0,0.0,0.0,Unknown,Unknown,Low Floor,indore,G90841208,https://www.99acres.com/residential-land-plot-for-sale-in-gram-baroli-indore-173-sqyd-spid-G90841208
flat,Scheme No 140 Indore,1.33,3.0,0.0,0,Unknown,1566.0,0.0,0.0,Unknown,Unknown,Low Floor,indore,F89649416,https://www.99acres.com/3-bhk-bedroom-apartment-flat-for-sale-in-cliffton-palladium-scheme-no-140-indore-1566-sqftto-2462-sqft-npspid-F89649416
flat,Chota Bangarda,0.72,3.0,0.0,0,Unknown,1552.0,0.0,0.0,Unknown,Unknown,Low Floor,indore,E93374298,https://www.99acres.com/3-bhk-bedroom-apartment-flat-for-sale-in-tirumala-town-chota-bangarda-indore-1552-sqft-spid-E93374298
plot,Khudel,5.0,0.0,0.0,0,Unknown,20500.0,0.0,0.0,Unknown,Unknown,Low Floor,indore,E91830258,https://www.99acres.com/residential-land-plot-for-sale-in-khudel-indore-2278-sqyd-spid-E91830258
house,Arandia,3.0,4.0,0.0,0,Unknown,4700.0,0.0,0.0,Unknown,Unknown,Low Floor,indore,C90133728,https://www.99acres.com/4-bhk-bedroom-independent-house-villa-for-sale-in-avila-meadows-arandia-indore-4700-sqft-npspid-C90133728
house,Usha Nagar Extension,3.61,6.0,0.0,0,Unknown,1806.0,0.0,0.0,Unknown,Unknown,Low Floor,indore,B93449050,https://www.99acres.com/6-bhk-bedroom-independent-house-villa-for-sale-in-usha-nagar-extension-indore-1806-sqft-spid-B93449050
plot,"Suncity, Gurgaon",35.0,0.0,0.0,0,Unknown,9000.0,0.0,0.0,Unknown,Unknown,Low Floor,gurgaon,B85777122,https://www.99acres.com/residential-land-plot-for-sale-in-suncity-gurgaon-1000-sqyd-spid-B85777122
plot,Super Corridor,0.456,0.0,0.0,0,Unknown,1200.0,0.0,0.0,Unknown,Unknown,Low Floor,indore,A93582956,https://www.99acres.com/residential-land-plot-for-sale-in-super-corridor-indore-133-sqyd-spid-A93582956
unknown,Sector 90,3.81,4.0,0.0,0,Unknown,0.0,0.0,0.0,Unknown,Unknown,Low Floor,gurgaon,438049,https://www.99acres.com/ss-camasa-sector-90-gurgaon-npxid-r438049
unknown,Sector 103,6.6438448,3.0,0.0,0,Unknown,0.0,0.0,0.0,Unknown,Unknown,Low Floor,gurgaon,429191,https://www.99acres.com/whiteland-urban-resort-sector-103-gurgaon-npxid-r429191
unknown,Sector 62,4.457544,3.0,0.0,0,Unknown,0.0,0.0,0.0,Unknown,Unknown,Low Floor,gurgaon,411431,https://www.99acres.com/emaar-urban-oasis-sector-62-gurgaon-npxid-r411431
unknown,Sector 49,13.176375,4.0,0.0,0,Unknown,0.0,0.0,0.0,Unknown,Unknown,Low Floor,gurgaon,458431,https://www.99acres.com/elan-the-statement-sector-49-gurgaon-npxid-r458431
unknown,Sector 77,3.06,3.0,0.0,0,Unknown,0.0,0.0,0.0,Unknown,Unknown,Low Floor,gurgaon,432485,https://www.99acres.com/keystone-seasons-sector-77-gurgaon-npxid-r432485
unknown,Sector 70,5.56,4.0,0.0,0,Unknown,0.0,0.0,0.0,Unknown,Unknown,Low Floor,gurgaon,431058,https://www.99acres.com/tulip-crimson-sector-70-gurgaon-npxid-r431058
unknown,Sector 86,2.9800004,3.0,0.0,0,Unknown,0.0,0.0,0.0,Unknown,Unknown,Low Floor,gurgaon,456299,https://www.99acres.com/emaar-serenity-hills-sector-86-gurgaon-npxid-r456299
unknown,Sector 102,4.83,3.0,0.0,0,Unknown,0.0,0.0,0.0,Unknown,Unknown,Low Floor,gurgaon,445043,https://www.99acres.com/hcbs-twin-horizon-sector-102-gurgaon-npxid-r445043
unknown,Sector 66,7.3625,3.0,0.0,0,Unknown,0.0,0.0,0.0,Unknown,Unknown,Low Floor,gurgaon,418843,https://www.99acres.com/smartworld-the-edition-sector-66-gurgaon-npxid-r418843
unknown,Sector 89 A,2.5300002,3.0,0.0,0,Unknown,0.0,0.0,0.0,Unknown,Unknown,Low Floor,gurgaon,7746,https://www.99acres.com/vatika-seven-elements-sector-89-a-gurgaon-npxid-r7746
unknown,Sector 53,9.6799998,3.0,0.0,0,Unknown,0.0,0.0,0.0,Unknown,Unknown,Low Floor,gurgaon,466742,https://www.99acres.com/godrej-samaris-sector-53-gurgaon-npxid-r466742
unknown,Sector 63A,5.91,3.0,0.0,0,Unknown,0.0,0.0,0.0,Unknown,Unknown,Low Floor,gurgaon,471352,https://www.99acres.com/godrej-verano-sector-63a-gurgaon-npxid-r471352
unknown,Sector 106,4.655,3.0,0.0,0,Unknown,0.0,0.0,0.0,Unknown,Unknown,Low Floor,gurgaon,400451,https://www.99acres.com/elan-the-presidential-sector-106-gurgaon-npxid-r400451
unknown,Sector 104,5.25,3.0,0.0,0,Unknown,0.0,0.0,0.0,Unknown,Unknown,Low Floor,gurgaon,439927,https://www.99acres.com/the-palatial-by-hero-homes-sector-104-gurgaon-npxid-r439927
unknown,Sector 53,11.49,3.0,0.0,0,Unknown,0.0,0.0,0.0,Unknown,Unknown,Low Floor,gurgaon,390137,https://www.99acres.com/tulip-monsella-sector-53-gurgaon-npxid-r390137
unknown,Sector 63A,7.58,3.0,0.0,0,Unknown,0.0,0.0,0.0,Unknown,Unknown,Low Floor,gurgaon,432550,https://www.99acres.com/tarc-ishva-sector-63a-gurgaon-npxid-r432550
unknown,Sector 70A,2.92,4.0,0.0,0,Unknown,0.0,0.0,0.0,Unknown,Unknown,Low Floor,gurgaon,448453,https://www.99acres.com/seggovias-by-subh-housing-sector-70a-gurgaon-npxid-r448453
unknown,Sector 70,5.14,5.0,0.0,0,Unknown,0.0,0.0,0.0,Unknown,Unknown,Low Floor,gurgaon,456520,https://www.99acres.com/tulip-melrose-sector-70-gurgaon-npxid-r456520
unknown,Sector 88A,4.1472,3.0,0.0,0,Unknown,0.0,0.0,0.0,Unknown,Unknown,Low Floor,gurgaon,473088,https://www.99acres.com/cocoa-county-sector-88a-gurgaon-npxid-r473088
unknown,Sector 70A,2.55,3.0,0.0,0,Unknown,0.0,0.0,0.0,Unknown,Unknown,Low Floor,gurgaon,469251,https://www.99acres.com/kfg-luxury-homes-sector-70a-gurgaon-npxid-r469251
unknown,South City 1,4.5,4.0,0.0,0,Unknown,360.0,0.0,0.0,Semifurnished,Unknown,Low Floor,gurgaon,U93928094,https://www.99acres.com/4-bhk-bedroom-independent-builder-floor-for-sale-in-ultra-luxury-builder-floor-south-city-1-gurgaon-3240-sqft-spid-U93928094
unknown,Sector 88A,3.52,3.0,0.0,0,Unknown,0.0,0.0,0.0,Unknown,Unknown,Low Floor,gurgaon,463409,https://www.99acres.com/the-oryza-by-origen-realty-sector-88a-gurgaon-npxid-r463409
unknown,Sector 82A,4.185027,3.0,0.0,0,Unknown,0.0,0.0,0.0,Unknown,Unknown,Low Floor,gurgaon,39998,https://www.99acres.com/vatika-sovereign-next-sector-82a-gurgaon-npxid-r39998
unknown,Sector 22,5.97,3.0,0.0,0,Unknown,0.0,0.0,0.0,Unknown,Unknown,Low Floor,gurgaon,39908,https://www.99acres.com/ambience-creacions-sector-22-gurgaon-npxid-r39908
unknown,Sector 104,3.4099996,3.0,0.0,0,Unknown,0.0,0.0,0.0,Unknown,Unknown,Low Floor,gurgaon,455865,https://www.99acres.com/levante-residences-sector-104-gurgaon-npxid-r455865
unknown,Sector 67,3.0,4.0,0.0,0,Unknown,2700.0,0.0,0.0,Semifurnished,Unknown,Low Floor,gurgaon,J93922948,https://www.99acres.com/4-bhk-bedroom-independent-builder-floor-for-sale-in-ansal-api-esencia-sector-67-gurgaon-2690-sqft-spid-J93922948
unknown,Sector 69,2.4421128,3.0,0.0,0,Unknown,0.0,0.0,0.0,Unknown,Unknown,Low Floor,gurgaon,1013,https://www.99acres.com/tulip-violet-sector-69-gurgaon-npxid-r1013
unknown,Rau Pitampur Road,0.178575,0.0,0.0,0,Unknown,0.0,0.0,0.0,Unknown,Unknown,Low Floor,indore,F90601280,https://www.99acres.com/residential-land-plot-for-sale-in-rau-pitampur-road-indore-83-sqyd-r2-spid-F90601280
